<application>
  <component name="FileTypeManager" version="18">
    <extensionMap>
      <mapping pattern=".env.production" type="PLAIN_TEXT" />
      <mapping pattern=".env.uat" type="PLAIN_TEXT" />
      <removed_mapping ext="apk" approved="true" type="ARCHIVE" />
      <removed_mapping ext="psd" approved="true" type="Image" />
      <removed_mapping pattern=".editorconfig" approved="true" type="AUTO_DETECTED" />
      <mapping ext="gradle.kts" type="Kotlin" />
      <mapping ext="main.kts" type="Kotlin" />
    </extensionMap>
  </component>
</application>