<application>
  <component name="MaterialThemeConfig">
    <option name="highContrast" value="true" />
    <option name="isHighContrast" value="true" />
    <option name="isWizardShown" value="true" />
    <option name="useMaterialWallpapers" value="true" />
    <option name="useProjectFrame" value="true" />
    <option name="accentColor" value="ab47bc" />
    <option name="selectedTheme" value="PALENIGHT" />
    <option name="userId" value="1d26597b:176672a4ea9:-8000" />
    <option name="version" value="5.5.0" />
  </component>
</application>