<keymap version="1" name="VSCode (macOS) copy" parent="VSCode OSX">
  <action id="$SearchWeb">
    <keyboard-shortcut first-keystroke="shift ctrl alt quote" />
  </action>
  <action id="ActivateFavoritesToolWindow" />
  <action id="ActivateFlutterInspectorToolWindow">
    <keyboard-shortcut first-keystroke="shift ctrl alt i" />
  </action>
  <action id="Annotate">
    <keyboard-shortcut first-keystroke="shift ctrl meta g" />
  </action>
  <action id="CollapseSelection" />
  <action id="Diff.ApplyLeftSide" />
  <action id="Diff.ApplyRightSide" />
  <action id="DuplicatesForm.SendToLeft" />
  <action id="DuplicatesForm.SendToRight" />
  <action id="Editor SearchWeb">
    <keyboard-shortcut first-keystroke="shift ctrl alt quote" />
  </action>
  <action id="EditorLookupDown" />
  <action id="EditorLookupUp" />
  <action id="ExpressionTypeInfo" />
  <action id="FileChooser.GotoHome" />
  <action id="FileChooser.GotoProject" />
  <action id="Flutter.Toolbar.ReloadAction">
    <keyboard-shortcut first-keystroke="meta s" />
  </action>
  <action id="FocusEditor">
    <keyboard-shortcut first-keystroke="meta 1" />
  </action>
  <action id="GotoAction">
    <keyboard-shortcut first-keystroke="f1" />
    <keyboard-shortcut first-keystroke="shift meta p" />
  </action>
  <action id="GotoCustomRegion" />
  <action id="Graph.ActualSize">
    <keyboard-shortcut first-keystroke="meta divide" />
  </action>
  <action id="MethodDown" />
  <action id="MethodUp" />
  <action id="NextEditorTab" />
  <action id="PreviousEditorTab" />
  <action id="ReformatCode" />
  <action id="RenameFile">
    <keyboard-shortcut first-keystroke="shift meta r" />
  </action>
  <action id="Run" />
  <action id="SaveAll">
    <keyboard-shortcut first-keystroke="meta alt s" />
  </action>
  <action id="SelectAllOccurrences">
    <keyboard-shortcut first-keystroke="shift meta alt l" />
  </action>
  <action id="SetShortcutAction" />
  <action id="ShowIntentionActions">
    <keyboard-shortcut first-keystroke="meta alt period" />
  </action>
  <action id="ShowReformatFileDialog" />
  <action id="StepOut" />
  <action id="TerminalSplitActionBase$Vertical">
    <keyboard-shortcut first-keystroke="meta back_slash" />
  </action>
  <action id="TogglePresentationMode">
    <keyboard-shortcut first-keystroke="shift ctrl p" />
  </action>
  <action id="com.dubreuia.core.action.ShortcutAction" />
</keymap>